Feature,ImportanceMean,ImportanceStd
Mental Fatigue Score,1.1142126189229418,0.015096421028840583
Resource Allocation,0.23942166196846998,0.009328528512969355
Designation,0.042564645230852835,0.002397037292616499
WFH Setup Available_Yes,0.00447585433548312,0.00032478309888014895
Gender_Male,0.0004065502996523973,0.00016831333772678573
Tenure_Years,2.640500221080533e-05,0.0001551098881725317
Company Type_Service,-1.2786434404388202e-06,4.863631243300352e-05
